Date,Shift,Temperature,Pressure,Speed,Torque,Downtime_min,Production_Output
2024-01-01 00:00:00,A,78.97,111.11,1752,41.23,2.61,490.9
2024-01-01 01:00:00,A,73.89,122.91,1666,30.59,0.34,525.5
2024-01-01 02:00:00,A,80.18,83.22,1511,28.45,2.14,500.7
2024-01-01 03:00:00,A,87.18,106.76,1384,34.97,0.59,493.2
2024-01-01 04:00:00,A,73.13,92.19,1626,33.64,8.26,461.8
2024-01-01 05:00:00,A,73.13,94.15,1571,31.37,14.75,438.5
2024-01-01 06:00:00,A,87.63,92.89,1661,40.57,0.38,524.8
2024-01-01 07:00:00,A,81.14,89.63,1614,42.64,15.52,454.2
2024-01-01 08:00:00,B,71.24,100.58,1689,35.71,3.7,487.3
2024-01-01 09:00:00,B,79.34,90.03,1404,46.82,1.78,487.9
2024-01-01 10:00:00,B,71.29,103.25,1737,25.87,0.4,516.8
2024-01-01 11:00:00,B,71.27,99.4,1536,33.45,3.47,490.8
2024-01-01 12:00:00,B,76.94,97.13,1874,29.27,7.91,540.2
2024-01-01 13:00:00,B,59.69,89.11,1376,20.07,6.14,497.0
2024-01-01 14:00:00,B,61.2,93.08,1812,34.34,0.26,477.3
2024-01-01 15:00:00,B,70.5,109.06,1536,34.03,0.38,529.9
2024-01-01 16:00:00,C,66.9,106.01,1383,47.11,2.58,494.3
2024-01-01 17:00:00,C,77.51,88.27,1413,40.05,1.75,465.1
2024-01-01 18:00:00,C,67.74,101.19,1442,26.81,1.32,519.3
2024-01-01 19:00:00,C,63.7,109.02,1576,49.83,1.65,517.6
2024-01-01 20:00:00,C,86.73,79.97,1594,44.77,8.14,452.1
2024-01-01 21:00:00,C,73.19,106.52,1397,39.66,13.24,438.5
2024-01-01 22:00:00,C,75.54,92.05,1496,33.19,2.6,517.1
2024-01-01 23:00:00,C,63.6,106.85,1886,27.32,11.83,492.8
2024-01-02 00:00:00,A,70.64,90.84,1811,32.02,1.94,520.2
2024-01-02 01:00:00,A,75.89,78.34,1579,43.71,3.24,484.4
2024-01-02 02:00:00,A,65.79,80.47,1507,50.08,1.28,471.9
2024-01-02 03:00:00,A,78.01,100.58,1522,47.35,5.11,458.4
2024-01-02 04:00:00,A,70.19,103.12,1610,31.09,19.31,469.5
2024-01-02 05:00:00,A,72.67,89.15,1316,26.04,4.63,505.5
2024-01-02 06:00:00,A,70.19,107.66,1454,36.13,2.21,494.6
2024-01-02 07:00:00,A,89.82,80.06,1200,20.85,5.22,491.8
2024-01-02 08:00:00,B,74.89,99.21,1572,37.59,0.66,397.3
2024-01-02 09:00:00,B,66.54,85.47,1616,33.82,10.98,387.1
2024-01-02 10:00:00,B,81.58,92.18,1413,31.27,3.5,510.2
2024-01-02 11:00:00,B,65.23,100.57,1783,22.24,2.98,514.0
2024-01-02 12:00:00,B,76.67,89.68,1279,39.11,4.41,495.7
2024-01-02 13:00:00,B,59.32,95.39,1236,30.74,4.9,454.7
2024-01-02 14:00:00,B,64.37,112.08,1540,25.64,0.37,618.3
2024-01-02 15:00:00,B,76.57,93.08,1688,15.0,5.74,495.3
2024-01-02 16:00:00,C,80.91,110.03,1803,34.78,1.38,535.2
2024-01-02 17:00:00,C,76.37,86.44,1417,49.18,6.26,457.1
2024-01-02 18:00:00,C,74.07,106.36,1694,48.29,8.64,484.6
2024-01-02 19:00:00,C,72.59,117.3,1493,31.34,8.15,488.4
2024-01-02 20:00:00,C,63.17,70.34,1469,30.18,4.02,458.6
2024-01-02 21:00:00,C,69.24,90.44,1659,38.75,3.67,503.3
2024-01-02 22:00:00,C,71.31,106.92,1617,27.01,0.77,513.5
2024-01-02 23:00:00,C,83.46,97.56,1216,37.41,7.47,443.3
2024-01-03 00:00:00,A,77.75,104.45,1766,41.13,1.58,553.5
2024-01-03 01:00:00,A,60.9,92.75,1748,44.82,3.43,505.5
2024-01-03 02:00:00,A,77.59,101.04,1387,34.2,1.67,477.4
2024-01-03 03:00:00,A,71.92,98.13,1571,33.37,0.72,521.3
2024-01-03 04:00:00,A,69.58,114.01,1589,27.98,4.97,498.7
2024-01-03 05:00:00,A,79.89,103.05,1547,28.38,0.28,531.6
2024-01-03 06:00:00,A,83.25,104.05,1401,33.19,6.9,501.7
2024-01-03 07:00:00,A,82.45,95.06,1379,37.94,1.91,494.6
2024-01-03 08:00:00,B,68.29,94.15,1495,42.31,0.0,474.0
2024-01-03 09:00:00,B,72.53,94.81,1711,28.57,3.58,493.5
2024-01-03 10:00:00,B,77.65,104.73,1598,46.94,0.24,490.8
2024-01-03 11:00:00,B,82.8,94.95,1433,32.83,1.62,491.9
2024-01-03 12:00:00,B,71.17,103.48,1639,34.83,6.14,492.5
2024-01-03 13:00:00,B,73.51,124.9,1000,29.02,0.32,493.7
2024-01-03 14:00:00,B,66.15,110.45,1707,15.61,9.14,519.1
2024-01-03 15:00:00,B,65.43,96.09,1187,42.07,0.02,502.3
2024-01-03 16:00:00,C,81.5,114.41,1435,40.89,1.42,503.6
2024-01-03 17:00:00,C,85.85,95.1,1298,32.75,6.75,492.4
2024-01-03 18:00:00,C,74.42,75.54,1267,35.54,1.9,480.9
2024-01-03 19:00:00,C,83.03,87.9,1709,39.13,0.54,523.8
2024-01-03 20:00:00,C,77.89,77.55,1416,22.5,2.23,497.5
2024-01-03 21:00:00,C,69.84,95.78,1562,30.77,1.58,517.1
2024-01-03 22:00:00,C,77.89,100.22,1492,41.35,9.25,484.1
2024-01-03 23:00:00,C,87.3,120.12,1586,24.97,1.88,523.9
2024-01-04 00:00:00,A,74.71,103.92,1514,37.35,7.78,501.3
2024-01-04 01:00:00,A,87.52,97.37,1269,24.15,11.12,501.0
2024-01-04 02:00:00,A,55.0,109.95,1679,38.73,2.84,474.0
2024-01-04 03:00:00,A,81.58,73.47,1411,34.71,12.04,451.1
2024-01-04 04:00:00,A,75.7,102.83,1220,22.08,2.37,517.4
2024-01-04 05:00:00,A,72.61,109.25,1423,44.32,16.63,439.0
2024-01-04 06:00:00,A,75.73,82.26,1770,29.12,0.47,535.9
2024-01-04 07:00:00,A,59.1,113.73,1653,28.52,5.81,543.0
2024-01-04 08:00:00,B,73.24,104.06,1437,36.6,3.4,478.8
2024-01-04 09:00:00,B,77.86,95.02,1437,44.19,2.45,460.9
2024-01-04 10:00:00,B,86.82,107.59,1442,26.87,5.01,524.0
2024-01-04 11:00:00,B,70.85,127.25,1874,35.49,6.08,628.2
2024-01-04 12:00:00,B,68.53,102.18,1569,38.43,0.02,499.3
2024-01-04 13:00:00,B,70.99,102.98,1577,40.54,0.91,531.8
2024-01-04 14:00:00,B,82.32,94.49,1685,36.41,6.24,473.6
2024-01-04 15:00:00,B,77.63,89.8,1543,32.06,5.49,504.7
2024-01-04 16:00:00,C,70.76,109.96,1453,28.38,16.91,445.9
2024-01-04 17:00:00,C,79.11,89.73,1465,35.69,7.16,513.6
2024-01-04 18:00:00,C,75.78,100.86,1487,26.42,15.06,506.7
2024-01-04 19:00:00,C,82.75,94.27,1493,15.0,6.06,587.8
2024-01-04 20:00:00,C,69.38,105.75,1631,38.49,1.77,493.7
2024-01-04 21:00:00,C,72.38,104.0,1509,42.23,0.56,518.5
2024-01-04 22:00:00,C,71.86,112.45,1632,16.1,7.61,507.3
2024-01-04 23:00:00,C,63.29,93.88,1485,26.92,5.17,479.4
2024-01-05 00:00:00,A,77.37,96.76,1514,39.95,0.25,505.6
2024-01-05 01:00:00,A,77.09,88.25,1140,51.46,2.23,422.5
2024-01-05 02:00:00,A,75.04,94.67,1665,35.17,15.71,458.6
2024-01-05 03:00:00,A,73.12,104.53,1562,29.18,3.47,494.4
2024-01-05 04:00:00,A,63.68,109.08,1680,33.54,2.83,494.3
2024-01-05 05:00:00,A,71.63,88.93,1000,46.0,3.06,479.3
2024-01-05 06:00:00,A,72.26,110.44,1876,29.83,1.17,509.8
2024-01-05 07:00:00,A,68.58,116.27,1475,28.61,2.3,528.7
2024-01-05 08:00:00,B,73.71,104.96,1699,31.14,2.31,512.6
2024-01-05 09:00:00,B,78.23,122.52,1313,27.37,0.27,523.6
2024-01-05 10:00:00,B,90.09,90.71,1610,35.98,7.3,515.5
2024-01-05 11:00:00,B,76.4,85.06,1310,48.0,2.69,474.6
2024-01-05 12:00:00,B,77.06,78.66,1388,37.58,8.63,468.4
2024-01-05 13:00:00,B,74.4,117.95,1845,32.98,9.5,619.0
2024-01-05 14:00:00,B,59.65,107.85,1466,32.67,1.19,487.7
2024-01-05 15:00:00,B,74.79,99.33,1539,22.49,5.36,492.7
2024-01-05 16:00:00,C,75.48,103.36,1657,42.06,3.2,481.1
2024-01-05 17:00:00,C,94.71,86.49,1589,34.38,10.61,474.3
2024-01-05 18:00:00,C,73.46,129.35,1527,33.56,1.22,589.2
2024-01-05 19:00:00,C,77.41,101.55,1566,55.0,5.66,502.5
2024-01-05 20:00:00,C,74.72,101.31,1933,37.39,4.68,486.6
2024-01-05 21:00:00,C,65.65,108.71,1490,28.99,1.75,478.7
2024-01-05 22:00:00,C,84.14,105.77,1536,31.59,0.73,537.9
2024-01-05 23:00:00,C,81.02,102.69,1689,44.19,5.27,512.1
2024-01-06 00:00:00,A,81.33,90.51,1699,35.91,6.71,506.5
2024-01-06 01:00:00,A,67.72,105.66,1714,23.49,1.9,516.2
2024-01-06 02:00:00,A,86.22,122.58,1615,42.35,5.18,519.3
2024-01-06 03:00:00,A,63.79,116.15,1294,29.65,2.51,592.3
2024-01-06 04:00:00,A,79.69,119.12,1794,49.99,6.24,510.5
2024-01-06 05:00:00,A,92.52,93.87,1294,43.64,1.11,458.9
2024-01-06 06:00:00,A,67.08,88.12,1554,31.42,11.05,454.0
2024-01-06 07:00:00,A,70.47,98.49,1364,45.25,1.69,463.4
2024-01-06 08:00:00,B,75.8,100.67,1488,35.54,2.29,505.9
2024-01-06 09:00:00,B,70.97,113.13,1559,41.82,0.3,570.5
2024-01-06 10:00:00,B,62.59,79.69,1558,38.88,0.59,483.2
2024-01-06 11:00:00,B,75.55,118.35,1576,28.23,3.63,516.9
2024-01-06 12:00:00,B,66.5,98.1,1790,29.85,1.56,530.9
2024-01-06 13:00:00,B,78.79,94.88,1582,43.24,9.02,484.4
2024-01-06 14:00:00,B,67.64,87.85,1456,32.32,0.07,500.1
2024-01-06 15:00:00,B,87.4,80.14,1674,31.77,2.38,524.7
2024-01-06 16:00:00,C,68.73,109.88,1714,27.36,2.06,562.7
2024-01-06 17:00:00,C,72.42,100.88,1279,38.39,0.1,470.2
2024-01-06 18:00:00,C,81.51,84.52,1608,51.5,0.66,501.5
2024-01-06 19:00:00,C,65.15,84.46,1626,26.46,2.67,472.7
2024-01-06 20:00:00,C,76.82,95.97,1446,35.19,3.39,505.3
2024-01-06 21:00:00,C,85.46,120.03,1748,46.3,2.59,512.2
2024-01-06 22:00:00,C,62.14,96.88,1473,34.36,3.79,469.8
2024-01-06 23:00:00,C,76.48,81.96,1523,38.62,4.52,473.1
2024-01-07 00:00:00,A,77.08,97.05,1469,26.5,0.05,536.4
2024-01-07 01:00:00,A,81.25,96.73,1503,38.43,3.12,519.1
2024-01-07 02:00:00,A,65.1,70.0,1303,33.5,16.55,382.9
2024-01-07 03:00:00,A,64.44,99.35,1241,42.89,3.66,464.2
2024-01-07 04:00:00,A,79.18,97.23,1787,44.5,5.66,483.6
2024-01-07 05:00:00,A,77.38,108.35,1348,55.0,1.87,460.2
2024-01-07 06:00:00,A,77.0,122.19,1322,39.64,7.44,486.2
2024-01-07 07:00:00,A,77.77,113.52,1112,37.61,7.41,470.0
2024-01-07 08:00:00,B,69.56,96.77,1385,36.56,3.68,529.2
2024-01-07 09:00:00,B,76.86,86.72,1262,32.17,18.65,435.9
2024-01-07 10:00:00,B,77.34,130.0,1796,37.71,0.67,519.0
2024-01-07 11:00:00,B,69.29,100.71,1682,32.64,0.09,503.6
2024-01-07 12:00:00,B,89.93,100.17,1376,36.35,7.35,515.2
2024-01-07 13:00:00,B,78.79,99.71,1905,45.54,8.23,537.0
2024-01-07 14:00:00,B,65.47,102.38,1677,26.95,0.64,483.4
2024-01-07 15:00:00,B,80.25,98.27,1442,44.12,1.54,459.9
2024-01-07 16:00:00,C,67.2,93.12,1050,45.54,0.09,499.2
2024-01-07 17:00:00,C,81.3,93.44,1912,34.06,1.74,535.6
2024-01-07 18:00:00,C,84.27,99.61,1250,18.03,7.42,482.0
2024-01-07 19:00:00,C,68.43,93.48,1204,30.14,3.65,484.9
2024-01-07 20:00:00,C,82.71,91.45,1684,45.38,2.14,451.0
2024-01-07 21:00:00,C,78.3,101.28,1939,34.82,2.32,529.1
2024-01-07 22:00:00,C,81.58,96.94,1749,27.01,0.01,542.4
2024-01-07 23:00:00,C,90.17,118.05,1602,30.96,1.78,484.0
2024-01-08 00:00:00,A,73.04,70.0,1607,41.72,5.2,443.8
2024-01-08 01:00:00,A,68.97,113.1,1654,39.37,18.29,454.3
2024-01-08 02:00:00,A,67.88,114.95,1637,33.09,9.39,470.8
2024-01-08 03:00:00,A,68.47,75.12,1551,32.07,0.12,492.4
2024-01-08 04:00:00,A,74.38,95.89,1519,31.87,11.44,452.1
2024-01-08 05:00:00,A,77.73,95.54,1489,27.62,7.64,481.6
2024-01-08 06:00:00,A,77.21,83.11,1364,47.92,7.58,433.0
2024-01-08 07:00:00,A,81.62,90.67,1449,32.42,3.06,512.8
2024-01-08 08:00:00,B,75.1,86.67,1195,44.74,2.54,482.8
2024-01-08 09:00:00,B,86.63,121.03,1482,47.17,1.8,516.7
2024-01-08 10:00:00,B,72.88,111.23,1322,42.99,0.34,499.1
2024-01-08 11:00:00,B,95.0,115.26,1301,31.55,1.3,506.2
2024-01-08 12:00:00,B,80.01,108.66,1532,38.23,1.42,510.4
2024-01-08 13:00:00,B,68.14,86.45,1751,34.81,3.31,491.1
2024-01-08 14:00:00,B,66.43,93.71,1665,27.77,6.88,538.5
2024-01-08 15:00:00,B,78.86,105.87,1217,37.59,3.21,469.1
2024-01-08 16:00:00,C,73.21,85.33,1322,25.57,0.3,524.9
2024-01-08 17:00:00,C,80.71,108.56,1669,44.5,15.83,487.2
2024-01-08 18:00:00,C,78.79,97.12,1323,31.28,14.3,462.7
2024-01-08 19:00:00,C,74.42,95.5,1460,36.61,7.69,510.3
2024-01-08 20:00:00,C,68.23,108.53,1599,37.27,23.74,435.7
2024-01-08 21:00:00,C,62.88,105.33,1326,32.93,3.93,487.1
2024-01-08 22:00:00,C,71.43,95.67,1519,39.69,16.45,439.9
2024-01-08 23:00:00,C,81.85,113.91,1260,31.2,0.39,544.2
2024-01-09 00:00:00,A,76.71,87.03,1392,41.97,2.28,503.3
2024-01-09 01:00:00,A,65.03,107.39,1558,24.23,1.28,500.6
2024-01-09 02:00:00,A,76.39,107.12,1213,36.01,1.09,471.8
2024-01-09 03:00:00,A,78.08,96.29,1579,50.51,0.76,492.5
2024-01-09 04:00:00,A,67.93,103.91,1496,27.0,4.87,479.4
2024-01-09 05:00:00,A,76.23,84.99,1599,29.58,7.6,482.0
2024-01-09 06:00:00,A,75.47,111.09,1540,39.11,4.32,527.0
2024-01-09 07:00:00,A,65.86,97.78,1746,36.44,0.79,496.2
2024-01-09 08:00:00,B,77.86,93.73,1523,37.81,8.33,476.7
2024-01-09 09:00:00,B,79.49,112.59,1423,38.91,5.05,501.2
2024-01-09 10:00:00,B,83.66,91.55,1522,40.08,2.46,518.0
2024-01-09 11:00:00,B,83.43,83.1,1598,43.88,5.61,438.0
2024-01-09 12:00:00,B,63.98,81.32,1509,38.28,1.5,461.6
2024-01-09 13:00:00,B,67.5,107.27,1507,33.07,2.12,505.9
2024-01-09 14:00:00,B,79.12,84.63,1374,40.38,12.47,561.3
2024-01-09 15:00:00,B,79.11,121.06,1381,50.2,1.72,494.8
2024-01-09 16:00:00,C,79.12,75.02,1248,33.94,3.17,434.8
2024-01-09 17:00:00,C,95.0,120.36,1815,27.2,11.04,547.6
2024-01-09 18:00:00,C,79.57,102.53,1276,43.86,6.15,463.2
2024-01-09 19:00:00,C,84.08,98.84,1375,34.04,0.32,489.8
2024-01-09 20:00:00,C,82.63,93.46,1371,17.62,0.8,509.6
2024-01-09 21:00:00,C,80.21,104.79,1661,41.78,0.04,517.5
2024-01-09 22:00:00,C,72.48,99.55,1447,30.72,4.98,478.7
2024-01-09 23:00:00,C,81.07,113.24,1725,34.28,2.97,485.3
2024-01-10 00:00:00,A,68.82,101.37,1379,37.66,0.72,510.4
2024-01-10 01:00:00,A,73.11,101.8,1550,36.52,15.84,480.2
2024-01-10 02:00:00,A,71.12,95.64,1350,40.68,3.77,488.5
2024-01-10 03:00:00,A,75.65,99.32,1886,31.52,1.38,505.4
2024-01-10 04:00:00,A,93.52,103.69,1286,39.1,3.47,504.2
2024-01-10 05:00:00,A,60.06,79.48,1556,32.92,5.69,460.5
2024-01-10 06:00:00,A,80.49,83.82,1614,40.91,0.4,514.0
2024-01-10 07:00:00,A,62.1,108.92,1574,39.92,1.61,508.2
2024-01-10 08:00:00,B,71.22,102.05,1467,27.52,8.22,469.5
2024-01-10 09:00:00,B,83.71,97.79,1477,43.69,3.08,499.7
2024-01-10 10:00:00,B,75.51,100.22,1508,30.71,3.95,510.8
2024-01-10 11:00:00,B,66.38,104.17,1474,41.46,2.84,514.4
2024-01-10 12:00:00,B,69.28,93.52,1673,37.94,0.22,517.0
2024-01-10 13:00:00,B,80.44,90.66,1898,49.71,0.91,526.9
2024-01-10 14:00:00,B,69.16,102.35,1400,33.21,2.95,493.0
2024-01-10 15:00:00,B,76.73,88.26,1253,32.21,1.17,517.3
2024-01-10 16:00:00,C,75.36,104.9,1484,34.84,0.26,521.0
2024-01-10 17:00:00,C,69.79,79.57,1964,32.57,9.28,463.3
2024-01-10 18:00:00,C,92.15,112.35,1355,41.4,19.87,485.4
2024-01-10 19:00:00,C,80.07,105.67,1795,22.07,7.88,534.7
2024-01-10 20:00:00,C,58.8,103.07,1802,26.57,9.61,474.0
2024-01-10 21:00:00,C,76.49,111.79,1400,26.46,1.39,510.3
2024-01-10 22:00:00,C,69.71,119.99,1602,42.6,16.17,466.5
2024-01-10 23:00:00,C,81.82,112.17,1793,48.68,1.1,534.3
2024-01-11 00:00:00,A,68.66,77.91,1432,34.16,15.12,433.2
2024-01-11 01:00:00,A,74.08,84.65,1463,33.65,26.31,410.3
2024-01-11 02:00:00,A,79.04,92.5,1395,35.56,6.22,515.3
2024-01-11 03:00:00,A,81.93,100.31,1317,44.3,19.85,452.1
2024-01-11 04:00:00,A,65.4,106.21,1383,27.58,4.21,494.1
2024-01-11 05:00:00,A,72.32,91.29,1280,36.91,1.5,500.5
2024-01-11 06:00:00,A,71.2,102.24,1506,42.8,2.87,469.0
2024-01-11 07:00:00,A,69.77,90.94,1361,39.01,4.5,477.7
2024-01-11 08:00:00,B,89.12,92.66,1542,36.52,0.38,556.5
2024-01-11 09:00:00,B,78.24,83.12,1220,43.01,4.87,457.0
2024-01-11 10:00:00,B,64.91,88.92,1560,15.0,19.86,425.5
2024-01-11 11:00:00,B,82.34,83.78,1650,40.42,1.05,491.2
2024-01-11 12:00:00,B,91.98,88.29,1141,29.77,7.87,459.0
2024-01-11 13:00:00,B,83.26,112.64,1567,20.35,11.92,490.6
2024-01-11 14:00:00,B,62.85,88.61,1721,39.09,14.39,435.5
2024-01-11 15:00:00,B,71.13,130.0,1282,45.99,16.11,423.0
2024-01-11 16:00:00,C,85.14,105.92,1801,33.9,3.69,530.5
2024-01-11 17:00:00,C,69.34,102.22,1575,42.62,18.93,452.9
2024-01-11 18:00:00,C,78.55,89.7,1373,47.9,7.08,443.8
2024-01-11 19:00:00,C,81.2,108.4,1490,45.52,0.88,540.4
2024-01-11 20:00:00,C,67.58,93.09,1600,48.12,3.24,486.4
2024-01-11 21:00:00,C,74.52,101.46,1514,40.94,6.34,503.8
2024-01-11 22:00:00,C,55.0,130.0,1597,35.6,1.42,496.1
2024-01-11 23:00:00,C,66.8,98.85,1334,22.18,5.12,503.0
2024-01-12 00:00:00,A,72.98,113.79,1530,33.03,5.49,481.0
2024-01-12 01:00:00,A,65.02,91.56,1246,28.25,0.89,500.0
2024-01-12 02:00:00,A,88.06,99.58,1480,52.37,4.16,495.8
2024-01-12 03:00:00,A,63.56,121.25,1337,33.59,7.38,491.8
2024-01-12 04:00:00,A,71.48,92.48,1368,35.99,3.45,456.5
2024-01-12 05:00:00,A,76.05,121.75,1722,39.41,0.06,517.3
2024-01-12 06:00:00,A,86.53,108.49,1696,35.35,0.05,551.9
2024-01-12 07:00:00,A,63.51,93.25,1610,48.56,2.21,456.0
2024-01-12 08:00:00,B,84.31,107.59,1303,30.02,13.03,486.0
2024-01-12 09:00:00,B,75.08,111.67,1443,36.56,1.3,483.1
2024-01-12 10:00:00,B,67.15,107.46,1718,29.06,5.03,522.8
2024-01-12 11:00:00,B,78.7,81.16,1526,24.44,1.26,482.2
2024-01-12 12:00:00,B,76.59,91.27,1917,30.11,1.94,535.0
2024-01-12 13:00:00,B,70.2,97.03,1571,34.7,9.42,485.2
2024-01-12 14:00:00,B,75.56,99.11,1535,31.57,6.53,478.3
2024-01-12 15:00:00,B,71.92,107.45,1444,29.46,0.5,524.9
2024-01-12 16:00:00,C,75.91,102.13,1524,23.75,2.8,520.7
2024-01-12 17:00:00,C,80.3,83.98,1473,34.34,0.15,491.5
2024-01-12 18:00:00,C,87.69,104.56,1627,22.96,3.28,515.6
2024-01-12 19:00:00,C,65.1,107.33,1672,41.08,5.43,448.3
2024-01-12 20:00:00,C,92.06,106.72,1359,35.66,0.63,452.9
2024-01-12 21:00:00,C,59.38,112.97,1260,23.34,1.7,464.1
2024-01-12 22:00:00,C,73.79,110.01,1169,32.53,2.54,495.5
2024-01-12 23:00:00,C,79.71,105.51,1591,28.98,12.6,481.3
2024-01-13 00:00:00,A,77.25,99.16,1301,37.55,24.99,425.6
2024-01-13 01:00:00,A,70.02,80.07,1112,45.72,0.23,451.1
2024-01-13 02:00:00,A,73.34,105.16,1570,20.0,7.16,589.0
2024-01-13 03:00:00,A,71.06,102.49,1949,35.92,2.32,535.3
2024-01-13 04:00:00,A,70.29,103.26,1499,33.72,2.49,506.2
2024-01-13 05:00:00,A,81.8,84.68,1651,40.37,7.02,489.8
2024-01-13 06:00:00,A,77.86,87.03,1515,36.71,12.53,467.6
2024-01-13 07:00:00,A,69.46,112.64,1482,28.98,15.07,435.1
2024-01-13 08:00:00,B,82.2,99.53,1665,32.45,4.3,529.2
2024-01-13 09:00:00,B,77.46,108.18,1448,28.63,2.21,527.8
2024-01-13 10:00:00,B,81.5,100.34,1548,43.61,7.75,464.4
2024-01-13 11:00:00,B,80.04,100.36,1558,35.17,1.45,509.1
2024-01-13 12:00:00,B,68.37,111.26,1380,50.21,4.15,474.5
2024-01-13 13:00:00,B,70.52,93.81,1679,34.51,2.22,498.6
2024-01-13 14:00:00,B,80.98,101.15,1469,29.33,5.34,510.2
2024-01-13 15:00:00,B,79.88,94.45,1364,22.89,1.37,540.5
2024-01-13 16:00:00,C,74.83,94.79,1597,20.57,1.06,542.8
2024-01-13 17:00:00,C,75.94,96.29,1338,22.33,12.52,442.7
2024-01-13 18:00:00,C,85.22,102.67,1505,37.14,0.54,533.1
2024-01-13 19:00:00,C,70.27,94.26,1498,39.07,3.53,509.8
2024-01-13 20:00:00,C,79.38,115.07,1695,22.35,1.25,553.1
2024-01-13 21:00:00,C,73.38,89.26,1585,42.16,0.2,517.7
2024-01-13 22:00:00,C,73.26,97.76,1495,31.14,0.18,549.4
2024-01-13 23:00:00,C,83.79,94.72,1647,36.17,0.96,539.6
2024-01-14 00:00:00,A,81.6,117.36,1750,47.9,10.08,501.1
2024-01-14 01:00:00,A,81.51,102.36,1600,42.17,1.66,532.6
2024-01-14 02:00:00,A,85.44,112.38,1502,32.85,15.02,485.0
2024-01-14 03:00:00,A,75.17,82.17,1264,27.87,4.36,476.5
2024-01-14 04:00:00,A,80.46,103.2,1308,17.79,2.87,509.7
2024-01-14 05:00:00,A,72.52,110.68,1445,29.25,4.34,454.7
2024-01-14 06:00:00,A,77.59,100.99,1390,33.31,3.64,481.0
2024-01-14 07:00:00,A,73.96,112.79,1466,27.1,7.11,531.0
2024-01-14 08:00:00,B,75.78,93.79,1510,33.95,1.66,511.7
2024-01-14 09:00:00,B,79.76,116.91,1595,35.61,2.18,497.8
2024-01-14 10:00:00,B,68.45,127.59,1487,33.2,11.23,493.4
2024-01-14 11:00:00,B,91.74,95.65,1588,29.8,14.64,443.0
2024-01-14 12:00:00,B,66.95,94.65,1512,36.35,11.15,468.8
2024-01-14 13:00:00,B,65.29,117.44,1144,38.54,2.72,499.2
2024-01-14 14:00:00,B,84.26,118.95,1331,26.28,7.58,498.2
2024-01-14 15:00:00,B,81.33,93.73,1474,46.29,3.23,491.1
2024-01-14 16:00:00,C,79.99,94.96,1282,34.21,3.44,528.9
2024-01-14 17:00:00,C,80.03,96.62,1608,35.15,1.15,424.5
2024-01-14 18:00:00,C,74.9,83.87,1776,40.67,4.47,468.3
2024-01-14 19:00:00,C,67.82,88.98,1719,36.87,1.03,527.7
2024-01-14 20:00:00,C,75.61,87.95,1462,42.63,2.01,523.7
2024-01-14 21:00:00,C,69.58,90.79,1768,37.3,9.66,473.5
2024-01-14 22:00:00,C,82.8,99.58,1527,30.1,1.16,541.4
2024-01-14 23:00:00,C,73.82,102.81,1439,37.89,0.37,530.4
2024-01-15 00:00:00,A,68.4,118.61,1390,25.85,0.36,424.5
2024-01-15 01:00:00,A,72.43,88.02,1446,35.87,14.13,434.6
2024-01-15 02:00:00,A,78.3,111.81,1430,34.73,3.54,532.4
2024-01-15 03:00:00,A,70.49,97.43,1531,33.34,2.63,530.2
2024-01-15 04:00:00,A,68.42,99.41,1529,33.97,8.33,486.2
2024-01-15 05:00:00,A,76.95,108.1,1501,19.95,9.03,484.7
2024-01-15 06:00:00,A,76.96,86.53,1579,30.61,2.02,542.6
2024-01-15 07:00:00,A,70.94,104.59,1714,35.74,5.91,487.5
2024-01-15 08:00:00,B,71.23,102.0,1671,36.28,7.37,481.8
2024-01-15 09:00:00,B,76.86,105.91,1233,26.78,5.32,500.1
2024-01-15 10:00:00,B,63.42,103.47,1040,45.13,0.82,494.0
2024-01-15 11:00:00,B,63.74,129.46,1668,28.07,10.43,516.0
2024-01-15 12:00:00,B,69.25,92.35,1254,42.76,3.87,471.7
2024-01-15 13:00:00,B,73.29,93.63,1460,38.42,1.66,500.9
2024-01-15 14:00:00,B,77.49,92.52,1289,29.83,2.77,492.8
2024-01-15 15:00:00,B,86.8,93.33,1176,49.2,0.19,498.9
2024-01-15 16:00:00,C,81.86,92.35,1597,25.45,0.68,473.6
2024-01-15 17:00:00,C,73.72,114.27,1637,42.35,7.25,488.0
2024-01-15 18:00:00,C,74.85,117.05,1396,43.0,0.0,515.1
2024-01-15 19:00:00,C,66.98,93.15,1034,29.64,2.69,444.5
2024-01-15 20:00:00,C,74.85,90.01,1402,46.14,3.7,480.6
2024-01-15 21:00:00,C,72.69,105.66,1571,33.0,0.28,512.2
2024-01-15 22:00:00,C,77.58,93.37,1234,37.31,18.07,464.0
2024-01-15 23:00:00,C,68.38,107.6,1533,37.08,1.28,534.7
2024-01-16 00:00:00,A,79.15,102.44,1497,33.93,1.81,502.2
2024-01-16 01:00:00,A,87.26,81.81,1604,41.49,1.81,499.5
2024-01-16 02:00:00,A,74.13,118.57,1522,41.35,1.31,512.5
2024-01-16 03:00:00,A,78.21,121.55,1325,21.01,0.01,527.3
2024-01-16 04:00:00,A,80.52,92.65,1715,45.43,6.53,492.1
2024-01-16 05:00:00,A,71.79,95.35,1471,21.7,17.03,439.5
2024-01-16 06:00:00,A,76.79,103.43,1495,43.26,1.27,479.3
2024-01-16 07:00:00,A,75.1,104.01,1332,44.01,5.44,489.3
2024-01-16 08:00:00,B,75.78,107.9,1420,26.27,6.77,510.9
2024-01-16 09:00:00,B,68.82,124.12,1341,31.71,9.43,468.1
2024-01-16 10:00:00,B,75.2,97.88,1469,26.15,2.75,524.1
2024-01-16 11:00:00,B,78.98,90.42,1808,33.28,1.8,505.3
2024-01-16 12:00:00,B,86.61,83.45,1253,32.54,1.97,499.0
2024-01-16 13:00:00,B,82.67,91.23,1210,41.24,6.23,486.0
2024-01-16 14:00:00,B,92.23,99.6,1765,45.48,8.49,502.7
2024-01-16 15:00:00,B,68.86,121.53,1462,46.17,1.0,512.4
2024-01-16 16:00:00,C,81.98,93.79,1380,30.5,2.32,493.4
2024-01-16 17:00:00,C,76.47,102.69,1687,33.33,11.61,480.4
2024-01-16 18:00:00,C,92.52,99.8,1391,21.53,8.22,506.0
2024-01-16 19:00:00,C,68.53,114.26,1829,28.55,20.95,448.3
2024-01-16 20:00:00,C,68.28,130.0,1622,42.72,7.02,496.2
2024-01-16 21:00:00,C,70.2,93.63,1412,47.92,2.5,442.1
2024-01-16 22:00:00,C,58.01,94.13,1888,25.13,4.47,488.7
2024-01-16 23:00:00,C,70.79,112.53,1391,30.26,5.41,489.6
2024-01-17 00:00:00,A,68.93,108.18,1634,34.79,0.41,509.6
2024-01-17 01:00:00,A,76.2,122.16,1554,37.24,3.93,511.0
2024-01-17 02:00:00,A,77.73,107.01,1734,28.52,6.18,514.2
2024-01-17 03:00:00,A,90.01,95.69,1781,38.39,0.92,541.6
2024-01-17 04:00:00,A,82.6,107.09,1506,31.21,7.59,519.8
2024-01-17 05:00:00,A,70.38,113.3,1364,34.88,4.38,480.1
2024-01-17 06:00:00,A,67.81,109.85,1583,39.37,15.21,431.7
2024-01-17 07:00:00,A,78.94,106.09,1378,35.05,0.22,491.8
2024-01-17 08:00:00,B,64.44,112.8,1862,31.51,1.54,514.0
2024-01-17 09:00:00,B,89.65,114.03,1525,34.12,4.6,517.8
2024-01-17 10:00:00,B,84.44,116.59,1434,34.29,1.76,510.5
2024-01-17 11:00:00,B,71.25,107.78,1533,32.04,6.27,468.5
2024-01-17 12:00:00,B,61.29,97.99,1258,32.93,7.11,447.9
2024-01-17 13:00:00,B,85.83,101.76,1325,47.79,0.54,504.6
2024-01-17 14:00:00,B,74.08,114.48,1716,39.49,3.61,526.1
2024-01-17 15:00:00,B,84.9,90.2,1382,32.64,3.56,486.9
2024-01-17 16:00:00,C,62.24,104.42,1312,40.58,2.3,466.9
2024-01-17 17:00:00,C,70.2,95.28,1597,32.33,13.51,442.2
2024-01-17 18:00:00,C,75.04,100.34,1713,44.38,8.79,480.2
2024-01-17 19:00:00,C,75.38,115.34,1629,37.96,5.97,488.4
2024-01-17 20:00:00,C,71.4,102.29,1679,34.14,6.26,506.9
2024-01-17 21:00:00,C,79.98,100.56,1364,38.58,3.1,459.5
2024-01-17 22:00:00,C,66.46,83.68,1244,22.43,12.69,434.9
2024-01-17 23:00:00,C,73.86,108.96,1770,25.99,5.93,523.6
2024-01-18 00:00:00,A,75.96,107.75,1442,25.45,6.53,504.8
2024-01-18 01:00:00,A,79.12,125.96,1455,36.14,9.89,551.5
2024-01-18 02:00:00,A,80.69,96.31,1739,48.86,1.6,513.4
2024-01-18 03:00:00,A,66.0,102.63,1600,52.85,8.23,439.6
2024-01-18 04:00:00,A,62.73,102.99,1582,40.1,1.09,491.0
2024-01-18 05:00:00,A,85.22,118.93,1890,39.01,2.12,509.9
2024-01-18 06:00:00,A,77.66,98.86,1384,20.59,2.04,512.1
2024-01-18 07:00:00,A,69.01,103.35,1667,30.66,19.2,434.3
2024-01-18 08:00:00,B,87.41,107.29,1510,28.7,9.71,521.9
2024-01-18 09:00:00,B,75.93,102.24,1548,30.03,6.04,488.2
2024-01-18 10:00:00,B,84.43,94.64,1775,33.65,6.49,507.1
2024-01-18 11:00:00,B,75.54,102.33,1591,31.22,4.13,493.7
2024-01-18 12:00:00,B,91.49,112.88,1597,19.17,14.7,544.1
2024-01-18 13:00:00,B,89.04,87.68,1693,40.98,3.43,502.2
2024-01-18 14:00:00,B,73.01,101.6,1434,26.42,2.39,542.5
2024-01-18 15:00:00,B,82.77,91.6,1349,36.91,0.89,516.3
2024-01-18 16:00:00,C,80.16,114.34,1312,51.59,7.71,484.3
2024-01-18 17:00:00,C,85.95,81.72,1146,27.64,6.63,482.3
2024-01-18 18:00:00,C,67.28,93.29,1870,15.0,2.43,533.3
2024-01-18 19:00:00,C,80.49,104.53,1301,32.71,0.13,473.6
2024-01-18 20:00:00,C,83.47,118.79,1460,43.81,9.13,486.9
2024-01-18 21:00:00,C,60.93,99.21,1450,50.67,0.06,491.0
2024-01-18 22:00:00,C,65.53,93.34,1555,25.16,6.08,483.6
2024-01-18 23:00:00,C,58.69,122.57,1647,38.97,17.58,422.2
2024-01-19 00:00:00,A,72.84,82.62,1655,31.28,2.88,493.9
2024-01-19 01:00:00,A,80.74,73.61,1395,34.15,1.34,520.8
2024-01-19 02:00:00,A,87.02,105.28,1470,55.0,6.1,510.7
2024-01-19 03:00:00,A,75.59,93.98,1551,22.98,8.49,489.5
2024-01-19 04:00:00,A,88.03,87.75,1455,37.03,3.95,516.8
2024-01-19 05:00:00,A,63.96,108.5,1789,38.74,17.06,447.2
2024-01-19 06:00:00,A,61.37,102.93,1588,43.69,0.27,456.7
2024-01-19 07:00:00,A,74.56,93.23,1632,35.78,3.51,479.1
2024-01-19 08:00:00,B,78.07,84.64,1619,37.46,6.34,514.0
2024-01-19 09:00:00,B,74.74,110.47,1711,31.87,9.93,491.5
2024-01-19 10:00:00,B,58.46,107.8,1533,37.15,0.99,487.5
2024-01-19 11:00:00,B,74.29,98.81,1267,32.25,8.05,465.1
2024-01-19 12:00:00,B,64.56,122.16,1572,39.97,4.02,537.8
2024-01-19 13:00:00,B,80.36,87.16,1383,32.04,2.53,526.9
2024-01-19 14:00:00,B,77.93,81.69,1405,38.02,0.71,533.0
2024-01-19 15:00:00,B,67.48,91.7,1606,34.77,10.02,461.6
2024-01-19 16:00:00,C,70.89,99.45,1723,44.01,0.86,509.7
2024-01-19 17:00:00,C,66.53,102.92,1504,34.59,1.85,465.9
2024-01-19 18:00:00,C,74.5,97.11,1556,20.82,1.71,547.6
2024-01-19 19:00:00,C,82.64,104.22,1806,45.1,10.26,468.5
2024-01-19 20:00:00,C,67.11,84.98,1543,27.75,5.58,482.7
2024-01-19 21:00:00,C,79.03,117.33,1968,29.77,7.96,507.5
2024-01-19 22:00:00,C,70.76,99.01,1602,30.23,1.44,497.2
2024-01-19 23:00:00,C,68.66,113.41,1183,46.0,4.9,452.4
2024-01-20 00:00:00,A,74.14,104.11,1636,17.91,4.24,509.1
2024-01-20 01:00:00,A,66.72,105.48,1569,55.0,8.94,445.8
2024-01-20 02:00:00,A,70.57,106.84,1732,43.45,11.83,461.0
2024-01-20 03:00:00,A,65.42,105.37,1621,36.79,0.06,523.5
2024-01-20 04:00:00,A,90.72,107.71,1475,34.56,5.6,492.5
2024-01-20 05:00:00,A,75.28,115.95,1280,37.28,0.27,513.3
2024-01-20 06:00:00,A,69.4,102.36,1462,39.17,3.98,509.5
2024-01-20 07:00:00,A,76.71,108.51,1347,40.16,1.7,489.8
2024-01-20 08:00:00,B,74.1,98.92,1396,39.44,1.83,477.6
2024-01-20 09:00:00,B,73.23,117.28,1606,35.72,2.18,514.1
2024-01-20 10:00:00,B,79.91,91.88,1801,33.42,4.85,532.6
2024-01-20 11:00:00,B,81.06,121.61,1571,33.79,2.03,536.1
2024-01-20 12:00:00,B,70.76,99.52,1285,33.44,6.6,461.6
2024-01-20 13:00:00,B,70.39,82.83,1580,44.07,2.59,486.3
2024-01-20 14:00:00,B,72.8,101.54,1715,39.75,0.35,491.3
2024-01-20 15:00:00,B,56.58,91.83,1390,15.0,7.66,482.7
2024-01-20 16:00:00,C,62.88,110.09,1476,40.25,1.68,499.4
2024-01-20 17:00:00,C,85.93,92.17,1503,36.56,2.83,499.4
2024-01-20 18:00:00,C,88.16,94.65,1359,34.85,5.78,477.6
2024-01-20 19:00:00,C,73.01,77.33,1617,31.89,2.02,473.6
2024-01-20 20:00:00,C,79.61,94.57,1478,43.99,0.29,510.8
2024-01-20 21:00:00,C,77.49,70.91,1576,42.58,2.34,502.3
2024-01-20 22:00:00,C,95.0,80.99,1340,28.82,14.45,453.7
2024-01-20 23:00:00,C,83.96,109.12,1421,38.26,5.13,512.1
2024-01-21 00:00:00,A,73.98,109.43,1630,27.23,5.57,469.4
2024-01-21 01:00:00,A,67.36,105.11,1433,23.96,5.0,403.4
2024-01-21 02:00:00,A,62.15,88.4,1811,29.99,1.11,501.3
2024-01-21 03:00:00,A,76.63,99.43,1428,41.9,2.71,473.3
2024-01-21 04:00:00,A,68.95,99.96,1540,42.63,6.95,454.0
2024-01-21 05:00:00,A,63.62,86.1,1668,39.1,0.53,474.3
2024-01-21 06:00:00,A,69.83,118.04,1245,40.8,1.63,499.8
2024-01-21 07:00:00,A,66.35,110.53,1183,39.13,1.62,478.7
2024-01-21 08:00:00,B,88.5,97.35,1225,29.87,2.83,460.8
2024-01-21 09:00:00,B,82.05,100.32,1727,38.46,19.65,415.4
2024-01-21 10:00:00,B,74.94,102.5,1401,41.4,0.35,487.2
2024-01-21 11:00:00,B,86.84,75.5,1960,41.03,3.66,518.0
2024-01-21 12:00:00,B,75.62,97.03,1398,44.51,0.99,435.4
2024-01-21 13:00:00,B,68.11,91.82,1533,40.67,17.65,419.4
2024-01-21 14:00:00,B,87.18,87.98,1778,37.81,0.6,513.4
2024-01-21 15:00:00,B,79.31,96.63,1861,43.56,2.58,540.7
2024-01-21 16:00:00,C,66.7,121.57,1871,34.79,6.69,504.9
2024-01-21 17:00:00,C,73.48,107.69,1718,27.95,6.1,518.6
2024-01-21 18:00:00,C,68.0,93.15,1684,33.7,2.75,499.8
2024-01-21 19:00:00,C,63.94,106.87,1607,29.04,2.13,463.5
